framework_name,order,name,category,topic,description,level
BFH Master-Kompetenzrahmen 2026,1,"Ethics, Responsibility and Sustainability",Knowledge Area,Disciplinary,"Acting responsibly and ethically in business, covering social, cultural, legal, economic, and environmental considerations.",
BFH Master-Kompetenzrahmen 2026,2,Markets and Economies,Knowledge Area,Disciplinary,"How markets for goods, services, and resources develop and function, including market failure, externalities, and fair trade.",
BFH Master-Kompetenzrahmen 2026,3,"Marketing, Sales, Negotiation and Customers",Knowledge Area,Disciplinary,"Managing customer relationships and consumer behaviour; segmentation, targeting, and positioning; generating sales; product and service innovation.",
BFH Master-Kompetenzrahmen 2026,4,Finance and Accounting,Knowledge Area,Disciplinary,"Sources and management of business finance; use of accounting and information systems for planning, control, decision-making, and financial risk management.",
BFH Master-Kompetenzrahmen 2026,5,People and Organisational Behaviour,Knowledge Area,Disciplinary,"Responsible and inclusive leadership; management and development of people and organisations; employee engagement; organisational design; cross-cultural issues; equality, diversity and inclusion.",
BFH Master-Kompetenzrahmen 2026,6,Operations and Business Innovation,Knowledge Area,Disciplinary,"Managing resources, supply chains, procurement, logistics, and outsourcing; quality systems, service excellence, and project management.",
BFH Master-Kompetenzrahmen 2026,7,"Data Analytics, Digital Business and Information Systems",Knowledge Area,Disciplinary,"Using data, statistics, and information systems to support strategic decisions; digital business and business intelligence; data-driven decision-making.",
BFH Master-Kompetenzrahmen 2026,8,Business Policy and Strategy,Knowledge Area,Disciplinary,Developing strategy and policy to meet stakeholder interests; risk and crisis management; business continuity planning; strategic communication.,
BFH Master-Kompetenzrahmen 2026,9,Public and Non-Profit Management,Knowledge Area,Disciplinary,"Governance, financial management, leadership, and ethics in public-sector, voluntary, and community organisations, including hybrid delivery models.",
BFH Master-Kompetenzrahmen 2026,10,Entrepreneurship and Enterprise Development,Knowledge Area,Disciplinary,"Developing and launching new business ideas, products, services, or ventures; identifying and valuing intellectual property; generating financial or social return.",
BFH Master-Kompetenzrahmen 2026,11,People Management,Subject-Specific Skill,Methodological,"Communication, team building, resilience and wellbeing, leadership, motivating others, and fostering equality, diversity and inclusion.",
BFH Master-Kompetenzrahmen 2026,12,Problem-Solving and Critical Analysis,Subject-Specific Skill,Methodological,"Analysing facts and circumstances to identify causes of problems, and selecting sound, sustainable solutions.",
BFH Master-Kompetenzrahmen 2026,13,Research,Subject-Specific Skill,Methodological,"Analysing and evaluating data and information sources with strong digital literacy to support ethical, evidence-based decisions.",
BFH Master-Kompetenzrahmen 2026,14,Commercial Acumen,Subject-Specific Skill,Methodological,"Understanding what drives business success and failure, and how to build customer satisfaction and loyalty sustainably.",
BFH Master-Kompetenzrahmen 2026,15,"Innovation, Creativity and Enterprise",Subject-Specific Skill,Methodological,"Generating, developing, and communicating ideas entrepreneurially; managing intellectual property; delivering sustainable outcomes.",
BFH Master-Kompetenzrahmen 2026,16,Numeracy,Subject-Specific Skill,Methodological,"Using quantitative methods to manipulate data and model business problems, functions, and phenomena.",
BFH Master-Kompetenzrahmen 2026,17,Networking,Subject-Specific Skill,Methodological,"Listening, negotiating, persuasion, and presentation skills used to build and sustain business relationships.",
BFH Master-Kompetenzrahmen 2026,18,Leadership,Subject-Specific Skill,Methodological,"Working across boundaries and organisations, influencing others, and collaborating in partnerships.",
BFH Master-Kompetenzrahmen 2026,19,Collaboration with Stakeholders,Generic Skill,Social/Personal,Working effectively and inclusively with internal and external stakeholders.,
BFH Master-Kompetenzrahmen 2026,20,"Communication (Verbal, Non-verbal, Digital)",Generic Skill,Social/Personal,Communicating clearly and appropriately across different formats and channels.,
BFH Master-Kompetenzrahmen 2026,21,Empathy and Inclusivity,Generic Skill,Social/Personal,Recognising and valuing the perspectives and needs of others.,
BFH Master-Kompetenzrahmen 2026,22,Digital Literacy,Generic Skill,Social/Personal,Using digital tools and platforms effectively and appropriately in a business context.,
BFH Master-Kompetenzrahmen 2026,23,Critical and Systemic Thinking,Generic Skill,Social/Personal,"Analysing, synthesising, and evaluating information and systems critically.",
BFH Master-Kompetenzrahmen 2026,24,Self-Management,Generic Skill,Social/Personal,"Working independently, taking responsibility, tolerating uncertainty, and using evidence to inform judgement.",
BFH Master-Kompetenzrahmen 2026,25,Self-Reflection,Generic Skill,Social/Personal,Reflecting on one's own practice and remaining open to ongoing development.,
